,director_name,actor_1_name,actor_2_name,actor_3_name,genres,movie_title,summary
0,Roseanne Liang,Chloë Grace Moretz,Taylor John Smith,Beulah Koale,Horror Action War,shadow in the cloud,Chloë Grace Moretz Taylor John Smith Beulah Koale Roseanne Liang Horror Action War
1,Ramin Bahrani,Adarsh Gourav,Rajkummar Rao,Priyanka Chopra Jonas,Crime Drama,the white tiger,Adarsh Gourav Rajkummar Rao Priyanka Chopra Jonas Ramin Bahrani Crime Drama
2,Doug Liman,Anne Hathaway,Chiwetel Ejiofor,Stephen Merchant,Comedy Crime Drama,locked down,Anne Hathaway Chiwetel Ejiofor Stephen Merchant Doug Liman Comedy Crime Drama
3,Simon Stone,Carey Mulligan,Ralph Fiennes,Lily James,Drama History,the dig,Carey Mulligan Ralph Fiennes Lily James Simon Stone Drama History
4,Mikael Håfström,Anthony Mackie,Damson Idris,Emily Beecham,Thriller Action Science Fiction,outside the wire,Anthony Mackie Damson Idris Emily Beecham Mikael Håfström Thriller Action Science Fiction
5,"Robert Lorenz (director/screenpaly); Chris Charles, Danny Kravitz (screenplay); Liam Neeson, Katheryn Winnick, Juan Pablo Raba, Teresa Ruiz",Liam Neeson,Katheryn Winnick,Juan Pablo Raba,Action Thriller Crime,the marksman,"Liam Neeson Katheryn Winnick Juan Pablo Raba Robert Lorenz (director/screenpaly); Chris Charles, Danny Kravitz (screenplay); Liam Neeson, Katheryn Winnick, Juan Pablo Raba, Teresa Ruiz Action Thriller Crime"
6,Nate Parker,Nate Parker,Omari Hardwick,Theo Rossi,Drama,american skin,Nate Parker Omari Hardwick Theo Rossi Nate Parker Drama
7,Alex McAulay,Jack Dylan Grazer,Fionn Whitehead,Rainn Wilson,Drama Thriller Crime,don't tell a soul,Jack Dylan Grazer Fionn Whitehead Rainn Wilson Alex McAulay Drama Thriller Crime
8,Gabriela Cowperthwaite,Jason Segel,Dakota Johnson,Casey Affleck,Drama Comedy Romance,our friend,Jason Segel Dakota Johnson Casey Affleck Gabriela Cowperthwaite Drama Comedy Romance
9,Conor Allyn,Jake Allyn,Frank Grillo,Jorge A. Jiménez,Western Action Adventure Thriller,no man's land,Jake Allyn Frank Grillo Jorge A. Jiménez Conor Allyn Western Action Adventure Thriller
10,Alex Ranarivelo,Sean Patrick Flanery,Dennis Quaid,Katrina Bowden,Action Drama,born a champion,Sean Patrick Flanery Dennis Quaid Katrina Bowden Alex Ranarivelo Action Drama
11,Mike P. Nelson,Charlotte Vega,Adain Bradley,Bill Sage,Horror Thriller,wrong turn,Charlotte Vega Adain Bradley Bill Sage Mike P. Nelson Horror Thriller
12,Glenda Ivin,Naomi Watts,Andrew Lincoln,Jacki Weaver,Drama,penguin bloom,Naomi Watts Andrew Lincoln Jacki Weaver Glenda Ivin Drama
13,John Lee Hancock,Denzel Washington,Rami Malek,Jared Leto,Thriller Crime,the little things,Denzel Washington Rami Malek Jared Leto John Lee Hancock Thriller Crime
14,Jude Weng,Kea Peahu,Alex Aiono,Lindsay Watson,Action Adventure Comedy Family,finding 'ohana,Kea Peahu Alex Aiono Lindsay Watson Jude Weng Action Adventure Comedy Family
15,Chloé Zhao,Frances McDormand,David Strathairn,Linda May,Drama,nomadland,Frances McDormand David Strathairn Linda May Chloé Zhao Drama
17,Fisher Stevens,Justin Timberlake,Juno Temple,Alisha Wainwright,Drama,palmer,Justin Timberlake Juno Temple Alisha Wainwright Fisher Stevens Drama
18,Viggo Mortensen,Viggo Mortensen,Lance Henriksen,Terry Chen,Thriller Action,falling,Viggo Mortensen Lance Henriksen Terry Chen Viggo Mortensen Thriller Action
20,Chad Hartigan,Olivia Cooke,Jack O'Connell,Raúl Castillo,Romance Science Fiction Drama,little fish,Olivia Cooke Jack O'Connell Raúl Castillo Chad Hartigan Romance Science Fiction Drama
21,Barry Alexander Brown,Lucas Till,Lucy Hale,Cedric the Entertainer,History Drama,son of the south,Lucas Till Lucy Hale Cedric the Entertainer Barry Alexander Brown History Drama
22,Ben Hozie,Julia Fox,Nikki Belfiglio,Austin Brown,Drama,pvt chat,Julia Fox Nikki Belfiglio Austin Brown Ben Hozie Drama
23,Sia,Kate Hudson,Leslie Odom Jr.,Maddie Ziegler,Music Drama,music,Kate Hudson Leslie Odom Jr. Maddie Ziegler Sia Music Drama
24,Shaka King,Daniel Kaluuya,Lakeith Stanfield,Jesse Plemons,Drama History,judas and the black messiah,Daniel Kaluuya Lakeith Stanfield Jesse Plemons Shaka King Drama History
25,Kevin Macdonald,Jodie Foster,Tahar Rahim,Shailene Woodley,Drama Thriller,the mauritanian,Jodie Foster Tahar Rahim Shailene Woodley Kevin Macdonald Drama Thriller
26,Tate Taylor,Allison Janney,Mila Kunis,Awkwafina,Comedy Drama Crime Thriller,breaking news in yuba county,Allison Janney Mila Kunis Awkwafina Tate Taylor Comedy Drama Crime Thriller
27,Josh Greenbaum,Kristen Wiig,Annie Mumolo,Jamie Dornan,Comedy,barb and star go to vista del mar,Kristen Wiig Annie Mumolo Jamie Dornan Josh Greenbaum Comedy
28,Lee Isaac Chung,Steven Yeun,Han Ye-ri,Alan Kim,Drama,minari,Steven Yeun Han Ye-ri Alan Kim Lee Isaac Chung Drama
29,Michael Fimognari,Lana Condor,Noah Centineo,Jordan Fisher,Romance Comedy Drama,to all the boys: always and forever,Lana Condor Noah Centineo Jordan Fisher Michael Fimognari Romance Comedy Drama
30,Mona Fastvold,Katherine Waterston,Vanessa Kirby,Christopher Abbott,Drama Romance Western,the world to come,Katherine Waterston Vanessa Kirby Christopher Abbott Mona Fastvold Drama Romance Western
31,Azazel Jacobs,Michelle Pfeiffer,Lucas Hedges,Tracy Letts,Comedy Drama,french exit,Michelle Pfeiffer Lucas Hedges Tracy Letts Azazel Jacobs Comedy Drama
32,Robin Wright,Robin Wright,Demián Bichir,Kim Dickens,Drama,land,Robin Wright Demián Bichir Kim Dickens Robin Wright Drama
33,Kevin Lewis,Nicolas Cage,Emily Tosta,Ric Reitz,Action Horror Comedy,willy's wonderland,Nicolas Cage Emily Tosta Ric Reitz Kevin Lewis Action Horror Comedy
34,Ian Samuels,Kathryn Newton,Kyle Allen,Al Madrigal,Fantasy Romance,the map of tiny perfect things,Kathryn Newton Kyle Allen Al Madrigal Ian Samuels Fantasy Romance
35,Castille Landon,Katherine Heigl,Madison Iseman,Israel Broussard,Thriller Horror Drama,fear of rain,Katherine Heigl Madison Iseman Israel Broussard Castille Landon Thriller Horror Drama
36,J Blakeson,Rosamund Pike,Peter Dinklage,Eiza González,Comedy Crime Thriller,i care a lot,Rosamund Pike Peter Dinklage Eiza González J Blakeson Comedy Crime Thriller
37,Lena Khan,Matilda Lawler,Alyson Hannigan,Ben Schwartz,Family Adventure Comedy Fantasy,flora & ulysses,Matilda Lawler Alyson Hannigan Ben Schwartz Lena Khan Family Adventure Comedy Fantasy
38,Tiller Russell,Jason Clarke,Nick Robinson,Katie Aselton,Crime Thriller Drama,silk road,Jason Clarke Nick Robinson Katie Aselton Tiller Russell Crime Thriller Drama
39,Tim Story,Chloë Grace Moretz,Michael Peña,Colin Jost,Comedy Family Animation,tom & jerry,Chloë Grace Moretz Michael Peña Colin Jost Tim Story Comedy Family Animation
40,Lee Daniels,Andra Day,Trevante Rhodes,Garrett Hedlund,Music Drama History,the united states vs. billie holiday,Andra Day Trevante Rhodes Garrett Hedlund Lee Daniels Music Drama History
41,Anthony and Joe Russo,Tom Holland,Ciara Bravo,Jack Reynor,Crime Drama,cherry,Tom Holland Ciara Bravo Jack Reynor Anthony and Joe Russo Crime Drama
42,Nicholas Jarecki,Gary Oldman,Armie Hammer,Evangeline Lilly,Thriller Crime Drama,crisis,Gary Oldman Armie Hammer Evangeline Lilly Nicholas Jarecki Thriller Crime Drama
43,R. J. Cutler,Billie Eilish,Finneas O'Connell,Maggie Baird,Documentary Music,billie eilish: the world's a little blurry,Billie Eilish Finneas O'Connell Maggie Baird R. J. Cutler Documentary Music
44,Keith Thomas,Dave Davis,Menashe Lustig,Malky Goldman,Horror Thriller Mystery,the vigil,Dave Davis Menashe Lustig Malky Goldman Keith Thomas Horror Thriller Mystery
45,Amy Poehler,Hadley Robinson,Lauren Tsai,Patrick Schwarzenegger,Comedy Drama Music,moxie,Hadley Robinson Lauren Tsai Patrick Schwarzenegger Amy Poehler Comedy Drama Music
46,Craig Brewer,Eddie Murphy,Arsenio Hall,Jermaine Fowler,Comedy,coming 2 america,Eddie Murphy Arsenio Hall Jermaine Fowler Craig Brewer Comedy
47,Tim Hill,Tom Kenny,Awkwafina,Matt Berry,Family Animation Fantasy Adventure Comedy,the spongebob movie: sponge on the run,Tom Kenny Awkwafina Matt Berry Tim Hill Family Animation Fantasy Adventure Comedy
48,"Don Hall, Carlos López Estrada",Kelly Marie Tran,Awkwafina,Izaac Wang,Family Fantasy Animation Action Adventure,raya and the last dragon,"Kelly Marie Tran Awkwafina Izaac Wang Don Hall, Carlos López Estrada Family Fantasy Animation Action Adventure"
49,Doug Liman,Daisy Ridley,Tom Holland,Mads Mikkelsen,Science Fiction,chaos walking,Daisy Ridley Tom Holland Mads Mikkelsen Doug Liman Science Fiction
50,Joe Carnahan,Frank Grillo,Mel Gibson,Naomi Watts,Action Science Fiction Thriller,boss level,Frank Grillo Mel Gibson Naomi Watts Joe Carnahan Action Science Fiction Thriller
51,Eddie Huang,Taylor Takahashi,Taylour Paige,Jorge Lendeborg Jr.,Drama Comedy,boogie,Taylor Takahashi Taylour Paige Jorge Lendeborg Jr. Eddie Huang Drama Comedy
52,Miguel Arteta,Jennifer Garner,Édgar Ramírez,Jenna Ortega,Comedy Family,yes day,Jennifer Garner Édgar Ramírez Jenna Ortega Miguel Arteta Comedy Family
53,Steve Basilone,Finn Wittrock,Zoë Chao,Casey Wilson,Romance Comedy,long weekend,Finn Wittrock Zoë Chao Casey Wilson Steve Basilone Romance Comedy
54,Edward Drake,Bruce Willis,Frank Grillo,Brandon Thomas Lee,Science Fiction,cosmic sin,Bruce Willis Frank Grillo Brandon Thomas Lee Edward Drake Science Fiction
55,Brian DeCubellis,Victoria Justice,Matthew Daddario,Katherine McNamara,Crime Thriller Comedy Mystery,trust,Victoria Justice Matthew Daddario Katherine McNamara Brian DeCubellis Crime Thriller Comedy Mystery
56,Zack Snyder,Ben Affleck,Henry Cavill,Amy Adams,Action Adventure Fantasy Science Fiction,zack snyder's justice league,Ben Affleck Henry Cavill Amy Adams Zack Snyder Action Adventure Fantasy Science Fiction
57,Dominic Cooke,Benedict Cumberbatch,Merab Ninidze,Rachel Brosnahan,Thriller Drama History,the courier,Benedict Cumberbatch Merab Ninidze Rachel Brosnahan Dominic Cooke Thriller Drama History
58,BenDavid Grabinski,Joel McHale,Kerry Bishé,Stephen Root,Comedy Romance Thriller,happily,Joel McHale Kerry Bishé Stephen Root BenDavid Grabinski Comedy Romance Thriller
59,Ilya Naishuller,Bob Odenkirk,Connie Nielsen,Aleksei Serebryakov,Action Crime Thriller Drama,nobody,Bob Odenkirk Connie Nielsen Aleksei Serebryakov Ilya Naishuller Action Crime Thriller Drama
60,Kitao Sakurai,Eric André,Lil Rel Howery,Tiffany Haddish,Comedy,bad trip,Eric André Lil Rel Howery Tiffany Haddish Kitao Sakurai Comedy
61,Justin P. Lange,Guy Pearce,Vadhir Derbez,Stephen Lang,Horror,the seventh day,Guy Pearce Vadhir Derbez Stephen Lang Justin P. Lange Horror
62,Giorgio Serafini,William Shatner,Jean Smart,Christopher Lloyd,Comedy Romance,senior moment,William Shatner Jean Smart Christopher Lloyd Giorgio Serafini Comedy Romance
63,Adam Wingard,Alexander Skarsgård,Millie Bobby Brown,Rebecca Hall,Action Adventure Fantasy,godzilla vs. kong,Alexander Skarsgård Millie Bobby Brown Rebecca Hall Adam Wingard Action Adventure Fantasy
64,Ricky Staub,Idris Elba,Caleb McLaughlin,Jharrel Jerome,Drama Western,concrete cowboy,Idris Elba Caleb McLaughlin Jharrel Jerome Ricky Staub Drama Western
65,Evan Spiliotopoulos,Jeffrey Dean Morgan,Katie Aselton,William Sadler,Horror,the unholy,Jeffrey Dean Morgan Katie Aselton William Sadler Evan Spiliotopoulos Horror
66,Vaughn Stein,Casey Affleck,Sam Claflin,Veronica Ferres,Thriller,every breath you take,Casey Affleck Sam Claflin Veronica Ferres Vaughn Stein Thriller
67,Emma Seligman,Rachel Sennott,Molly Gordon,Polly Draper,Comedy Drama,shiva baby,Rachel Sennott Molly Gordon Polly Draper Emma Seligman Comedy Drama
68,Richard Correll,Mira Sorvino,Austyn Johnson,Kevin Sorbo,Family Drama,the girl who believes in miracles,Mira Sorvino Austyn Johnson Kevin Sorbo Richard Correll Family Drama
69,Shan Serafin,Aidan Bristow,Sophie Kargman,Susan Wilder,Drama,the believer,Aidan Bristow Sophie Kargman Susan Wilder Shan Serafin Drama
70,Bruce Wemple,Francesca Anderson,Adrián Burke,Chris Cimperman,Horror Thriller,dawn of the beast,Francesca Anderson Adrián Burke Chris Cimperman Bruce Wemple Horror Thriller
71,Neil Burger,Tye Sheridan,Lily-Rose Depp,Fionn Whitehead,Science Fiction Thriller,voyagers,Tye Sheridan Lily-Rose Depp Fionn Whitehead Neil Burger Science Fiction Thriller
72,Ben Falcone,Melissa McCarthy,Octavia Spencer,Bobby Cannavale,Action Adventure Comedy,thunder force,Melissa McCarthy Octavia Spencer Bobby Cannavale Ben Falcone Action Adventure Comedy
73,Ryan Crego,Michael J. Woodard,Mary Lambert,Haley Tju,Animation Comedy Family,arlo the alligator boy,Michael J. Woodard Mary Lambert Haley Tju Ryan Crego Animation Comedy Family
74,Argyris Papadimitropoulos,Sebastian Stan,Denise Gough,Yorgos Pirpassopoulos,Science Fiction Thriller Drama Mystery,monday,Sebastian Stan Denise Gough Yorgos Pirpassopoulos Argyris Papadimitropoulos Science Fiction Thriller Drama Mystery
75,Ben Wheatley,Joel Fry,Reece Shearsmith,Hayley Squires,Horror Science Fiction Thriller,in the earth,Joel Fry Reece Shearsmith Hayley Squires Ben Wheatley Horror Science Fiction Thriller
76,Joe Penna,Anna Kendrick,Daniel Dae Kim,Shamier Anderson,Science Fiction Drama Thriller,stowaway,Anna Kendrick Daniel Dae Kim Shamier Anderson Joe Penna Science Fiction Drama Thriller
77,Simon McQuoid,Lewis Tan,Jessica McNamee,Josh Lawson,Action Fantasy Adventure,mortal kombat,Lewis Tan Jessica McNamee Josh Lawson Simon McQuoid Action Fantasy Adventure
78,Mike Rianda,Abbi Jacobson,Danny McBride,Maya Rudolph,Animation Adventure Comedy Family Science Fiction Action,the mitchells vs. the machines,Abbi Jacobson Danny McBride Maya Rudolph Mike Rianda Animation Adventure Comedy Family Science Fiction Action
80,Nikole Beckwith,Ed Helms,Patti Harrison,Tig Notaro,Comedy Drama,together together,Ed Helms Patti Harrison Tig Notaro Nikole Beckwith Comedy Drama
82,Chad Ferrin,Gina La Piana,Robert Miano,Johann Urb,Horror Science Fiction,the deep ones,Gina La Piana Robert Miano Johann Urb Chad Ferrin Horror Science Fiction
83,Shari Springer Berman and Robert Pulcini,Amanda Seyfried,James Norton,Natalia Dyer,Horror Mystery Drama Thriller,things heard & seen,Amanda Seyfried James Norton Natalia Dyer Shari Springer Berman and Robert Pulcini Horror Mystery Drama Thriller
84,Stefano Sollima,Michael B. Jordan,Jamie Bell,Jodie Turner-Smith,Action Thriller War,without remorse,Michael B. Jordan Jamie Bell Jodie Turner-Smith Stefano Sollima Action Thriller War
85,Nick Stagliano,James C. Wolf (screeplay); Anson Mount,Abbie Cornish,Eddie Marsan,Thriller Action Crime,the virtuoso,James C. Wolf (screeplay); Anson Mount Abbie Cornish Eddie Marsan Nick Stagliano Thriller Action Crime
86,Rodrigo García,Glenn Close,Mila Kunis,Stephen Root,Drama,four good days,Glenn Close Mila Kunis Stephen Root Rodrigo García Drama
87,William Brent Bell,Rupert Friend,Mamie Gummer,Violet McGraw,Horror,separation,Rupert Friend Mamie Gummer Violet McGraw William Brent Bell Horror
88,Taylor Chien,Brock O'Hurn,Avery Pascual,Michael Vlamis,Horror,the resort,Brock O'Hurn Avery Pascual Michael Vlamis Taylor Chien Horror
89,Guy Ritchie,Jason Statham,Holt McCallany,Jeffrey Donovan,Action Crime Thriller,wrath of man,Jason Statham Holt McCallany Jeffrey Donovan Guy Ritchie Action Crime Thriller
90,Anthony Mandler,Kelvin Harrison Jr.,Jennifer Ehle,Tim Blake Nelson,Action Fantasy Adventure,monster,Kelvin Harrison Jr. Jennifer Ehle Tim Blake Nelson Anthony Mandler Action Fantasy Adventure
91,Gia Coppola,Andrew Garfield,Maya Hawke,Nat Wolff,Drama Comedy,mainstream,Andrew Garfield Maya Hawke Nat Wolff Gia Coppola Drama Comedy
92,David Oyelowo,David Oyelowo,Rosario Dawson,Lonnie Chavis,Adventure,the water man,David Oyelowo Rosario Dawson Lonnie Chavis David Oyelowo Adventure
93,Billy Crystal,Billy Crystal,Tiffany Haddish,Penn Badgley,Comedy Drama,here today,Billy Crystal Tiffany Haddish Penn Badgley Billy Crystal Comedy Drama
94,Phillip Noyce,Jack Huston,Emilia Clarke,Thora Birch,Thriller Crime,above suspicion,Jack Huston Emilia Clarke Thora Birch Phillip Noyce Thriller Crime
95,Ivo Raza,David Koechner,Ed Begley Jr.,Chaz Bono,Comedy,reboot camp,David Koechner Ed Begley Jr. Chaz Bono Ivo Raza Comedy
96,Karl Holt,Karl Holt,Claire Cartwright,David Wayman,Horror Comedy,benny loves you,Karl Holt Claire Cartwright David Wayman Karl Holt Horror Comedy
97,Alexandre Aja,Mélanie Laurent,Mathieu Amalric,Malik Zidi,Crime Drama Mystery Thriller,oxygen,Mélanie Laurent Mathieu Amalric Malik Zidi Alexandre Aja Crime Drama Mystery Thriller
98,Zack Snyder,Dave Bautista,Ella Purnell,Omari Hardwick,Action Adventure Horror Crime,army of the dead,Dave Bautista Ella Purnell Omari Hardwick Zack Snyder Action Adventure Horror Crime
99,Taylor Sheridan,Angelina Jolie,Nicholas Hoult,Finn Little,Thriller,those who wish me dead,Angelina Jolie Nicholas Hoult Finn Little Taylor Sheridan Thriller
100,Joe Wright,Amy Adams,Gary Oldman,Anthony Mackie,Drama Thriller Crime Mystery,the woman in the window,Amy Adams Gary Oldman Anthony Mackie Joe Wright Drama Thriller Crime Mystery
101,Darren Lynn Bousman,Chris Rock,Max Minghella,Marisol Nichols,Horror Thriller Mystery,spiral,Chris Rock Max Minghella Marisol Nichols Darren Lynn Bousman Horror Thriller Mystery
102,Christoph Waltz,Christoph Waltz,Vanessa Redgrave,Annette Bening,Crime Drama,georgetown,Christoph Waltz Vanessa Redgrave Annette Bening Christoph Waltz Crime Drama
103,Brian Baugh,Rose Reid,Jedidiah Goodacre,Katherine McNamara,Drama Romance,finding you,Rose Reid Jedidiah Goodacre Katherine McNamara Brian Baugh Drama Romance
104,Robert Machoian,Clayne Crawford,Sepideh Moafi,Chris Coy,Drama,the killing of two lovers,Clayne Crawford Sepideh Moafi Chris Coy Robert Machoian Drama
105,"Mark S. Allen, Dante Yore",John Littlefield,Eric Roberts,Alyson Gorske,Horror Action,616 wilford lane,"John Littlefield Eric Roberts Alyson Gorske Mark S. Allen, Dante Yore Horror Action"
106,Euros Lyn,Toni Collette,Damian Lewis,Owen Teale,Comedy Drama,dream horse,Toni Collette Damian Lewis Owen Teale Euros Lyn Comedy Drama
107,Esteban Arango,Moisés Arias,Mateo Arias,Daniel Dae Kim,Drama,blast beat,Moisés Arias Mateo Arias Daniel Dae Kim Esteban Arango Drama
108,John Krasinski,Emily Blunt,Cillian Murphy,Millicent Simmonds,Science Fiction Thriller Horror,a quiet place part ii,Emily Blunt Cillian Murphy Millicent Simmonds John Krasinski Science Fiction Thriller Horror
109,Craig Gillespie,Emma Stone,Emma Thompson,Joel Fry,Comedy Crime,cruella,Emma Stone Emma Thompson Joel Fry Craig Gillespie Comedy Crime
111,Michael Barnett,Mack Beggs,Sarah Rose Huckman,Terry Miller,Documentary,changing the game,Mack Beggs Sarah Rose Huckman Terry Miller Michael Barnett Documentary
112,"Elaine Bogan, Ennio Torresan",Isabela Merced,Marsai Martin,Mckenna Grace,Animation Adventure Family Western,spirit untamed,"Isabela Merced Marsai Martin Mckenna Grace Elaine Bogan, Ennio Torresan Animation Adventure Family Western"
113,Michael Chaves,Patrick Wilson,Vera Farmiga,Ruairi O'Connor,Horror Mystery Thriller,the conjuring: the devil made me do it,Patrick Wilson Vera Farmiga Ruairi O'Connor Michael Chaves Horror Mystery Thriller
114,Nabil Elderkin,Jacob Latimore,Charlie Plummer,Jonathan Majors,Drama Crime,gully,Jacob Latimore Charlie Plummer Jonathan Majors Nabil Elderkin Drama Crime
115,Christopher MacBride,Dylan O'Brien,Maika Monroe,Hannah Gross,Thriller Drama Mystery,flashback,Dylan O'Brien Maika Monroe Hannah Gross Christopher MacBride Thriller Drama Mystery
116,Todd Randall,Milo Gibson,Laurence Fishburne,Glenn Morshower,Drama,under the stadium lights,Milo Gibson Laurence Fishburne Glenn Morshower Todd Randall Drama
117,Sebastian Siegel,Mena Suvari,Stuart Townsend,Frances Fisher,Drama Comedy Romance,grace and grit,Mena Suvari Stuart Townsend Frances Fisher Sebastian Siegel Drama Comedy Romance
118,Mark Raso,Gina Rodriguez,Jennifer Jason Leigh,Barry Pepper,Drama Science Fiction Thriller,awake,Gina Rodriguez Jennifer Jason Leigh Barry Pepper Mark Raso Drama Science Fiction Thriller
119,Jon M. Chu,Anthony Ramos,Corey Hawkins,Leslie Grace,Drama Music Romance,in the heights,Anthony Ramos Corey Hawkins Leslie Grace Jon M. Chu Drama Music Romance
120,Antoine Fuqua,Mark Wahlberg,Chiwetel Ejiofor,Sophie Cookson,Science Fiction Action Thriller,infinite,Mark Wahlberg Chiwetel Ejiofor Sophie Cookson Antoine Fuqua Science Fiction Action Thriller
121,Will Gluck,James Corden,Rose Byrne,Domhnall Gleeson,Family Comedy Adventure Animation Fantasy,peter rabbit 2: the runaway,James Corden Rose Byrne Domhnall Gleeson Will Gluck Family Comedy Adventure Animation Fantasy
122,Chris Appelhans,Jimmy Wong,John Cho,Constance Wu,Animation Family Comedy Fantasy,wish dragon,Jimmy Wong John Cho Constance Wu Chris Appelhans Animation Family Comedy Fantasy
123,Renny Harlin,Pierce Brosnan,Rami Jaber,Hermione Corfield,Action Comedy Crime,the misfits,Pierce Brosnan Rami Jaber Hermione Corfield Renny Harlin Action Comedy Crime
124,Ty Roberts,Luke Wilson,Vinessa Shaw,Wayne Knight,History Drama,12 mighty orphans,Luke Wilson Vinessa Shaw Wayne Knight Ty Roberts History Drama
125,Deon Taylor,Mike Epps,Katt Williams,Bresha Webb,Comedy Horror,the house next door: meet the blacks 2,Mike Epps Katt Williams Bresha Webb Deon Taylor Comedy Horror
126,Michael Lembeck,Ellen Burstyn,James Caan,Ann-Margret,Romance Comedy,queen bees,Ellen Burstyn James Caan Ann-Margret Michael Lembeck Romance Comedy
127,"Baron Davis, Carl Reid, Steven V. Vasquez Jr.",David Arquette,Snoop Dogg,Tom Lister Jr.,Comedy,domino: battle of the bones,"David Arquette Snoop Dogg Tom Lister Jr. Baron Davis, Carl Reid, Steven V. Vasquez Jr. Comedy"
128,Patrick Hughes,Ryan Reynolds,Samuel L. Jackson,Salma Hayek,Action Comedy Thriller,hitman's wife's bodyguard,Ryan Reynolds Samuel L. Jackson Salma Hayek Patrick Hughes Action Comedy Thriller
129,Enrico Casarosa,Jacob Tremblay,Jack Dylan Grazer,Emma Berman,Animation Comedy Family Fantasy,luca,Jacob Tremblay Jack Dylan Grazer Emma Berman Enrico Casarosa Animation Comedy Family Fantasy
130,Paul Weitz,Kevin Hart,Alfre Woodard,Lil Rel Howery,Drama Family Comedy,fatherhood,Kevin Hart Alfre Woodard Lil Rel Howery Paul Weitz Drama Family Comedy
131,Jimmy Giannopoulos,Shiloh Fernandez,Val Kilmer,Ewan McGregor,Crime Thriller,the birthday cake,Shiloh Fernandez Val Kilmer Ewan McGregor Jimmy Giannopoulos Crime Thriller
132,Mariem Pérez Riera,Rita Moreno,Eva Longoria,George Chakiris,Documentary,rita moreno: just a girl who decided to go for it,Rita Moreno Eva Longoria George Chakiris Mariem Pérez Riera Documentary
135,Tyler Savage,Christine Ko,Vincent van Horn,Michael Joplin,Thriller,stalker,Christine Ko Vincent van Horn Michael Joplin Tyler Savage Thriller
136,Jamie Adams,Alia Shawkat,Eiza González,Chanel Cresswell,Comedy Drama,love spreads,Alia Shawkat Eiza González Chanel Cresswell Jamie Adams Comedy Drama
138,Kimmy Gatewood,Iliza Shlesinger,Ryan Hansen,Margaret Cho,Comedy Drama Mystery Romance Thriller,good on paper,Iliza Shlesinger Ryan Hansen Margaret Cho Kimmy Gatewood Comedy Drama Mystery Romance Thriller
139,Justin Lin,Vin Diesel,John Cena,Michelle Rodriguez,Action Crime Thriller,f9,Vin Diesel John Cena Michelle Rodriguez Justin Lin Action Crime Thriller
140,Jonathan Hensleigh,Liam Neeson,Benjamin Walker,Amber Midthunder,Action Thriller,the ice road,Liam Neeson Benjamin Walker Amber Midthunder Jonathan Hensleigh Action Thriller
141,Josh Ruben,Sam Richardson,Milana Vayntrub,George Basil,Comedy Horror,werewolves within,Sam Richardson Milana Vayntrub George Basil Josh Ruben Comedy Horror
142,John Lee,Ilana Glazer,Justin Theroux,Sophia Bush,Horror Mystery Thriller,false positive,Ilana Glazer Justin Theroux Sophia Bush John Lee Horror Mystery Thriller
143,Eytan Rockaway,Harvey Keitel,Sam Worthington,AnnaSophia Robb,Crime Drama Thriller,lansky,Harvey Keitel Sam Worthington AnnaSophia Robb Eytan Rockaway Crime Drama Thriller
144,Heidi Ewing,Armando Espitia,Christian Vázquez,Michelle Rodríguez,Drama Romance,i carry you with me,Armando Espitia Christian Vázquez Michelle Rodríguez Heidi Ewing Drama Romance
145,Vanessa Roth,Mary J. Blige,Taraji P. Henson,Alicia Keys,Documentary Music,mary j. blige's my life,Mary J. Blige Taraji P. Henson Alicia Keys Vanessa Roth Documentary Music
147,Isaiah Smallman,Isaiah Smallman (director); Johnny Ray Gill,Kate Cobb,Vicky Jeudy,Crime Drama,rollers,Isaiah Smallman (director); Johnny Ray Gill Kate Cobb Vicky Jeudy Isaiah Smallman Crime Drama
148,Matt Thompson,Channing Tatum,Jason Mantzoukas,Olivia Munn,Action Comedy History Animation Fantasy,america: the motion picture,Channing Tatum Jason Mantzoukas Olivia Munn Matt Thompson Action Comedy History Animation Fantasy
149,Janicza Bravo,Taylour Paige,Riley Keough,Nicholas Braun,Drama Comedy Crime,zola,Taylour Paige Riley Keough Nicholas Braun Janicza Bravo Drama Comedy Crime
150,Steven Soderbergh,Don Cheadle,Benicio del Toro,David Harbour,Crime Drama Thriller Mystery,no sudden move,Don Cheadle Benicio del Toro David Harbour Steven Soderbergh Crime Drama Thriller Mystery
151,Chris McKay,Chris Pratt,Yvonne Strahovski,J. K. Simmons,Action Science Fiction Adventure,the tomorrow war,Chris Pratt Yvonne Strahovski J. K. Simmons Chris McKay Action Science Fiction Adventure
152,Tom McGrath,Alec Baldwin,James Marsden,Amy Sedaris,Animation Comedy Adventure Family,the boss baby: family business,Alec Baldwin James Marsden Amy Sedaris Tom McGrath Animation Comedy Adventure Family
153,Everardo Gout,Ana de la Reguera,Tenoch Huerta,Josh Lucas,Horror Action Thriller,the forever purge,Ana de la Reguera Tenoch Huerta Josh Lucas Everardo Gout Horror Action Thriller
154,Leigh Janiak,Kiana Madeira,Olivia Scott Welch,Benjamin Flores Jr.,Horror Mystery,fear street part one: 1994,Kiana Madeira Olivia Scott Welch Benjamin Flores Jr. Leigh Janiak Horror Mystery
155,Questlove,Questlove (director); Stevie Wonder,Nina Simone,Sly and the Family Stone,Music Documentary,summer of soul,Questlove (director); Stevie Wonder Nina Simone Sly and the Family Stone Questlove Music Documentary
156,S.K. Dale,Megan Fox,Eoin Macken,Callan Mulvey,Horror Thriller,till death,Megan Fox Eoin Macken Callan Mulvey S.K. Dale Horror Thriller
157,Craig Moss,Mackenzie Moss,Sadie Stanley,Mackenzie Ziegler,Science Fiction Thriller,let us in,Mackenzie Moss Sadie Stanley Mackenzie Ziegler Craig Moss Science Fiction Thriller
158,Cate Shortland,Scarlett Johansson,Florence Pugh,David Harbour,Action Adventure Thriller Science Fiction,black widow,Scarlett Johansson Florence Pugh David Harbour Cate Shortland Action Adventure Thriller Science Fiction
159,Leigh Janiak,Sadie Sink,Emily Rudd,Ryan Simpkins,Horror Mystery,fear street part two: 1978,Sadie Sink Emily Rudd Ryan Simpkins Leigh Janiak Horror Mystery
160,Carlos López Estrada,Tyris Winter,Marquesha Babers,Maia Mayor,Comedy Drama Music,summertime,Tyris Winter Marquesha Babers Maia Mayor Carlos López Estrada Comedy Drama Music
161,Navot Papushado,Karen Gillan,Lena Headey,Carla Gugino,Action Thriller Crime,gunpowder milkshake,Karen Gillan Lena Headey Carla Gugino Navot Papushado Action Thriller Crime
162,Malcolm D. Lee,LeBron James,Don Cheadle,Khris Davis,Animation Comedy Family Science Fiction,space jam: a new legacy,LeBron James Don Cheadle Khris Davis Malcolm D. Lee Animation Comedy Family Science Fiction
163,Adam Robitel,Taylor Russell,Logan Miller,Indya Moore,Horror Thriller Mystery,escape room: tournament of champions,Taylor Russell Logan Miller Indya Moore Adam Robitel Horror Thriller Mystery
164,Leigh Janiak,Kiana Madeira,Ashley Zukerman,Gillian Jacobs,Mystery Horror,fear street part three: 1666,Kiana Madeira Ashley Zukerman Gillian Jacobs Leigh Janiak Mystery Horror
165,Colin Schiffli,Alexandra Daddario,Diego Boneta,Justin Chatwin,Action Drama Romance Comedy Crime,die in a gunfight,Alexandra Daddario Diego Boneta Justin Chatwin Colin Schiffli Action Drama Romance Comedy Crime
166,Michael Sarnoski,Nicolas Cage,Alex Wolff,Adam Arkin,Drama Thriller,pig,Nicolas Cage Alex Wolff Adam Arkin Michael Sarnoski Drama Thriller
167,Mike Burns,Bruce Willis,Jaime King,Lala Kent,Crime Adventure Thriller,out of death,Bruce Willis Jaime King Lala Kent Mike Burns Crime Adventure Thriller
169,"Daryl Wein, Zoe Lister-Jones",Zoe Lister-Jones,Cailee Spaeny,Olivia Wilde,Science Fiction Thriller Mystery Action Adventure,how it ends,"Zoe Lister-Jones Cailee Spaeny Olivia Wilde Daryl Wein, Zoe Lister-Jones Science Fiction Thriller Mystery Action Adventure"
170,"Johane Matte, Andrew L. Schmidt, Franciso Ruiz Velasco",Emile Hirsch,Lexi Medrano,Charlie Saxton,Animation Fantasy Family Action Adventure Science Fiction,trollhunters: rise of the titans,"Emile Hirsch Lexi Medrano Charlie Saxton Johane Matte, Andrew L. Schmidt, Franciso Ruiz Velasco Animation Fantasy Family Action Adventure Science Fiction"
171,Robert Schwentke,Henry Golding,Andrew Koji,Úrsula Corberó,Action Adventure,snake eyes,Henry Golding Andrew Koji Úrsula Corberó Robert Schwentke Action Adventure
172,M. Night Shyamalan,Gael García Bernal,Vicky Krieps,Rufus Sewell,Mystery Thriller Horror,old,Gael García Bernal Vicky Krieps Rufus Sewell M. Night Shyamalan Mystery Thriller Horror
173,Reinaldo Marcus Green,Mark Wahlberg,Reid Miller,Connie Britton,Drama Adventure,joe bell,Mark Wahlberg Reid Miller Connie Britton Reinaldo Marcus Green Drama Adventure
174,Tanya Wexler,Tanya Wexler (director); Scott Wascha (screenwriter); Kate Beckinsale,Bobby Cannavale,Laverne Cox,Action Comedy,jolt,Tanya Wexler (director); Scott Wascha (screenwriter); Kate Beckinsale Bobby Cannavale Laverne Cox Tanya Wexler Action Comedy
175,Randall Emmett,Megan Fox,Bruce Willis,Emile Hirsch,Crime Thriller Action Mystery,midnight in the switchgrass,Megan Fox Bruce Willis Emile Hirsch Randall Emmett Crime Thriller Action Mystery
176,Peter Sattler,Ben Platt,Lola Kirke,Yvette Nicole Brown,Drama,broken diamonds,Ben Platt Lola Kirke Yvette Nicole Brown Peter Sattler Drama
179,Jaume Collet-Serra,Dwayne Johnson,Emily Blunt,Édgar Ramírez,Adventure Fantasy Comedy Action,jungle cruise,Dwayne Johnson Emily Blunt Édgar Ramírez Jaume Collet-Serra Adventure Fantasy Comedy Action
180,Kirk DeMicco,Lin-Manuel Miranda,Ynairaly Simo,Zoe Saldana,Animation Family Comedy,vivo,Lin-Manuel Miranda Ynairaly Simo Zoe Saldana Kirk DeMicco Animation Family Comedy
181,Tom McCarthy,Matt Damon,Camille Cottin,Abigail Breslin,Drama Crime Thriller,stillwater,Matt Damon Camille Cottin Abigail Breslin Tom McCarthy Drama Crime Thriller
182,David Lowery,Dev Patel,Alicia Vikander,Joel Edgerton,Drama Adventure Fantasy,the green knight,Dev Patel Alicia Vikander Joel Edgerton David Lowery Drama Adventure Fantasy
183,Edson Oda,Winston Duke,Zazie Beetz,Benedict Wong,Drama Fantasy,nine days,Winston Duke Zazie Beetz Benedict Wong Edson Oda Drama Fantasy
184,Trent O'Donnell,Jake Johnson,D'Arcy Carden,J.K. Simmons,Comedy Drama,ride the eagle,Jake Johnson D'Arcy Carden J.K. Simmons Trent O'Donnell Comedy Drama
185,Braden King,Philip Ettinger,Stacy Martin,Cosmo Jarvis,Drama,the evening hour,Philip Ettinger Stacy Martin Cosmo Jarvis Braden King Drama
188,James Gunn,Idris Elba,Margot Robbie,John Cena,Action Adventure Fantasy Comedy,the suicide squad,Idris Elba Margot Robbie John Cena James Gunn Action Adventure Fantasy Comedy
189,Chase Palmer,John Boyega,Olivia Cooke,Bill Skarsgård,Crime Drama,naked singularity,John Boyega Olivia Cooke Bill Skarsgård Chase Palmer Crime Drama
190,Pascual Sisto,Charlie Shotwell,Michael C. Hall,Jennifer Ehle,Drama Thriller,john and the hole,Charlie Shotwell Michael C. Hall Jennifer Ehle Pascual Sisto Drama Thriller
191,Scott Brignac,Hannah Kasulka,Luke Benward,Jude Demorest,Drama Action Thriller Crime,playing god,Hannah Kasulka Luke Benward Jude Demorest Scott Brignac Drama Action Thriller Crime
192,Todd Stephens,Udo Kier,Jennifer Coolidge,Linda Evans,Drama Science Fiction,swan song,Udo Kier Jennifer Coolidge Linda Evans Todd Stephens Drama Science Fiction
193,Nick Cannon,Nick Cannon,Chris Brown,Jaliyuh Manuel,Drama,she ball,Nick Cannon Chris Brown Jaliyuh Manuel Nick Cannon Drama
194,Vince Marcello,Joey King,Joel Courtney,Jacob Elordi,Romance Comedy,the kissing booth 3,Joey King Joel Courtney Jacob Elordi Vince Marcello Romance Comedy
196,Shawn Levy,Ryan Reynolds,Jodie Comer,Lil Rel Howery,Comedy Action Adventure Science Fiction,free guy,Ryan Reynolds Jodie Comer Lil Rel Howery Shawn Levy Comedy Action Adventure Science Fiction
197,Liesl Tommy,Jennifer Hudson,Forest Whitaker,Marlon Wayans,Music Drama History,respect,Jennifer Hudson Forest Whitaker Marlon Wayans Liesl Tommy Music Drama History
198,Ferdinando Cito Filomarino,John David Washington,Boyd Holbrook,Vicky Krieps,Action Adventure Crime Drama Thriller Mystery,beckett,John David Washington Boyd Holbrook Vicky Krieps Ferdinando Cito Filomarino Action Adventure Crime Drama Thriller Mystery
199,Rodo Sayagues,Stephen Lang,Brendan Sexton III,Madelyn Grace,Thriller Horror,don't breathe 2,Stephen Lang Brendan Sexton III Madelyn Grace Rodo Sayagues Thriller Horror
200,Sian Heder,Emilia Jones,Eugenio Derbez,Troy Kotsur,Drama Music Romance,coda,Emilia Jones Eugenio Derbez Troy Kotsur Sian Heder Drama Music Romance
202,Cal Brunker,Iain Armitage,Marsai Martin,Ron Pardo,Animation Family Adventure Comedy,paw patrol: the movie,Iain Armitage Marsai Martin Ron Pardo Cal Brunker Animation Family Adventure Comedy
203,Lisa Joy,Hugh Jackman,Rebecca Ferguson,Thandiwe Newton,Science Fiction Thriller Mystery Romance,reminiscence,Hugh Jackman Rebecca Ferguson Thandiwe Newton Lisa Joy Science Fiction Thriller Mystery Romance
204,Martin Campbell,Michael Keaton,Maggie Q,Samuel L. Jackson,Action Crime Thriller,the protégé,Michael Keaton Maggie Q Samuel L. Jackson Martin Campbell Action Crime Thriller
205,Brian Andrew Mendoza,Jason Momoa,Isabela Merced,Manuel Garcia-Rulfo,Action,sweet girl,Jason Momoa Isabela Merced Manuel Garcia-Rulfo Brian Andrew Mendoza Action
206,Dave Needham,Dave Needham (director); Asher Bishop,David Tennant,Michelle Gomez,Animation Family Comedy Music Fantasy,the loud house movie,Dave Needham (director); Asher Bishop David Tennant Michelle Gomez Dave Needham Animation Family Comedy Music Fantasy
207,David Bruckner,Rebecca Hall,Sarah Goldberg,Evan Jonigkeit,Horror Thriller,the night house,Rebecca Hall Sarah Goldberg Evan Jonigkeit David Bruckner Horror Thriller
208,Sean Penn,Dylan Penn,Sean Penn,Katheryn Winnick,Drama Thriller,flag day,Dylan Penn Sean Penn Katheryn Winnick Sean Penn Drama Thriller
209,Dash Shaw,Lake Bell,Michael Cera,Angeliki Papoulia,Animation Fantasy,cryptozoo,Lake Bell Michael Cera Angeliki Papoulia Dash Shaw Animation Fantasy
210,Janell Shirtcliff,Josie Ho,Bella Thorne,Gavin Rossdale,Crime Comedy Thriller,habit,Josie Ho Bella Thorne Gavin Rossdale Janell Shirtcliff Crime Comedy Thriller
211,Neill Blomkamp,Carly Pope,Chris William Martin,Michael Rogers,Horror Thriller,demonic,Carly Pope Chris William Martin Michael Rogers Neill Blomkamp Horror Thriller
212,Eddie Arya,Caroline McQuade,Kenneth Trujillo,Wassim Hawat,Drama History,risen,Caroline McQuade Kenneth Trujillo Wassim Hawat Eddie Arya Drama History
213,Kwang Il Han,Theo James,Lara Pulver,Graham McTavish,Animation Action Fantasy,the witcher: nightmare of the wolf,Theo James Lara Pulver Graham McTavish Kwang Il Han Animation Action Fantasy
214,Angel Kristi Williams,Kofi Siriboe,Yootha Wong-Loi-Sing,Blair Underwood,Romance Drama,really love,Kofi Siriboe Yootha Wong-Loi-Sing Blair Underwood Angel Kristi Williams Romance Drama
215,Nia DaCosta,Yahya Abdul-Mateen II,Teyonah Parris,Nathan Stewart-Jarrett,Horror Thriller,candyman,Yahya Abdul-Mateen II Teyonah Parris Nathan Stewart-Jarrett Nia DaCosta Horror Thriller
216,Clay Tarver,John Cena,Lil Rel Howery,Yvonne Orji,Comedy,vacation friends,John Cena Lil Rel Howery Yvonne Orji Clay Tarver Comedy
217,Mark Waters,Addison Rae,Tanner Buchanan,Madison Pettis,Comedy Romance,he's all that,Addison Rae Tanner Buchanan Madison Pettis Mark Waters Comedy Romance
218,Amber Sealey,Elijah Wood,Luke Kirby,Aleksa Palladino,Crime Drama History,no man of god,Elijah Wood Luke Kirby Aleksa Palladino Amber Sealey Crime Drama History
219,Vibeke Muasya,Vibeke Muasya (director); Siobhan Fallon Hogan (screenplay),Siobhan Fallon Hogan,Robert Patrick,Thriller Drama Horror Mystery,rushed,Vibeke Muasya (director); Siobhan Fallon Hogan (screenplay) Siobhan Fallon Hogan Robert Patrick Vibeke Muasya Thriller Drama Horror Mystery
220,Stephen Herek,Victoria Justice,Midori Francis,Timothy Renouf,Fantasy Comedy Drama,afterlife of the party,Victoria Justice Midori Francis Timothy Renouf Stephen Herek Fantasy Comedy Drama
221,Destin Daniel Cretton,Simu Liu,Awkwafina,Meng'er Zhang,Action Adventure Fantasy,shang-chi and the legend of the ten rings,Simu Liu Awkwafina Meng'er Zhang Destin Daniel Cretton Action Adventure Fantasy
222,"Kay Cannon (director/screenwriter); Camila Cabello, Idina Menzel, Nicholas Galitzine, Minnie Driver, Pierce Brosnan, Billy Porter",Kay Cannon (director/screenwriter); Camila Cabello,Idina Menzel,Nicholas Galitzine,Fantasy Romance Comedy,cinderella,"Kay Cannon (director/screenwriter); Camila Cabello Idina Menzel Nicholas Galitzine Kay Cannon (director/screenwriter); Camila Cabello, Idina Menzel, Nicholas Galitzine, Minnie Driver, Pierce Brosnan, Billy Porter Fantasy Romance Comedy"
223,Sara Colangelo,Michael Keaton,Stanley Tucci,Amy Ryan,Drama History,worth,Michael Keaton Stanley Tucci Amy Ryan Sara Colangelo Drama History
224,Michele Civetta,Shea Whigham,Olivia Munn,Frank Grillo,Science Fiction,the gateway,Shea Whigham Olivia Munn Frank Grillo Michele Civetta Science Fiction
225,"Lyle Mitcell Corbine, Jr.",Michael Greyeyes,Chaske Spencer,Jesse Eisenberg,Thriller,wild indian,"Michael Greyeyes Chaske Spencer Jesse Eisenberg Lyle Mitcell Corbine, Jr. Thriller"
226,Sean King O'Grady,Sean King O'Grady (director); Max Booth III (screenwriter); Sierra McCormick,Vinessa Shaw,Pat Healy,Horror Thriller,we need to do something,Sean King O'Grady (director); Max Booth III (screenwriter); Sierra McCormick Vinessa Shaw Pat Healy Sean King O'Grady Horror Thriller
227,Cedric Nicolas-Troyan,Mary Elizabeth Winstead,Miku Martineau,Woody Harrelson,Action Thriller,kate,Mary Elizabeth Winstead Miku Martineau Woody Harrelson Cedric Nicolas-Troyan Action Thriller
228,Jonathan Butterell,Max Harwood,Sarah Lancashire,Lauren Patel,Music Drama Comedy,everybody's talking about jamie,Max Harwood Sarah Lancashire Lauren Patel Jonathan Butterell Music Drama Comedy
229,James Wan,Annabelle Wallis,Maddie Hasson,George Young,Horror Thriller Mystery Crime,malignant,Annabelle Wallis Maddie Hasson George Young James Wan Horror Thriller Mystery Crime
230,"Aron Gaudet, Gita Pullapilly (directors/screenplay); Kristen Bell, Kirby Howell-Baptiste, Paul Walter Hauser, Bebe Rexha, Vince Vaughn",Kristen Bell,Kirby Howell-Baptiste,Paul Walter Hauser,Comedy Crime,queenpins,"Kristen Bell Kirby Howell-Baptiste Paul Walter Hauser Aron Gaudet, Gita Pullapilly (directors/screenplay); Kristen Bell, Kirby Howell-Baptiste, Paul Walter Hauser, Bebe Rexha, Vince Vaughn Comedy Crime"
231,Paul Schrader,Oscar Isaac,Tiffany Haddish,Tye Sheridan,Drama Thriller Crime,the card counter,Oscar Isaac Tiffany Haddish Tye Sheridan Paul Schrader Drama Thriller Crime
232,Christopher Ashley,Petrina Bromley,Jenn Colella,De'Lon Grant,Comedy Drama,come from away,Petrina Bromley Jenn Colella De'Lon Grant Christopher Ashley Comedy Drama
233,Michael Mohan,Sydney Sweeney,Justice Smith,Ben Hardy,Thriller,the voyeurs,Sydney Sweeney Justice Smith Ben Hardy Michael Mohan Thriller
234,John Pollono,Jon Bernthal,Shea Whigham,Jordana Spiro,Drama Thriller,small engine repair,Jon Bernthal Shea Whigham Jordana Spiro John Pollono Drama Thriller
235,Natalie Morales,Natalie Morales (director/screenplay),Mark Duplass (screenplay),Natalie Morales,Drama Comedy,language lessons,Natalie Morales (director/screenplay) Mark Duplass (screenplay) Natalie Morales Natalie Morales Drama Comedy
236,Rick Altizer,Rick Altizer (director); Sherman Smith,Tony Evans,Steven Kendrick,Documentary,show me the father,Rick Altizer (director); Sherman Smith Tony Evans Steven Kendrick Rick Altizer Documentary
237,Michael Feifer,Jay Pickett,Peter Facinelli,Tom Skerritt,Western Action,catch the bullet,Jay Pickett Peter Facinelli Tom Skerritt Michael Feifer Western Action
238,Jonah Feingold,Francesca Reale,Jaboukie Young-White,Catherine Cohen,Comedy Romance,dating and new york,Francesca Reale Jaboukie Young-White Catherine Cohen Jonah Feingold Comedy Romance
239,"Scott B. Hansen, Desiree Connell",Zach Galligan,Derek Russo,Corey Taylor,Horror,bad candy,"Zach Galligan Derek Russo Corey Taylor Scott B. Hansen, Desiree Connell Horror"
240,Kevin T. Morales,Bridget McGarry,Victoria Leigh,Okieriete Onaodowan,Comedy Drama,generation wrecks,Bridget McGarry Victoria Leigh Okieriete Onaodowan Kevin T. Morales Comedy Drama
241,David Yarovesky,Winslow Fegley,Lidya Jewett,Krysten Ritter,Fantasy Family Horror,nightbooks,Winslow Fegley Lidya Jewett Krysten Ritter David Yarovesky Fantasy Family Horror
242,Theodore Melfi,Theodore Melfi (director); Matt Harris (screenpaly); Melissa McCarthy,Chris O'Dowd,Timothy Olyphant,Comedy Drama,the starling,Theodore Melfi (director); Matt Harris (screenpaly); Melissa McCarthy Chris O'Dowd Timothy Olyphant Theodore Melfi Comedy Drama
243,Michael Showalter,Jessica Chastain,Andrew Garfield,Cherry Jones,Drama History,the eyes of tammy faye,Jessica Chastain Andrew Garfield Cherry Jones Michael Showalter Drama History
244,Clint Eastwood,Clint Eastwood,Dwight Yoakam,Eduardo Minett,Western Drama,cry macho,Clint Eastwood Dwight Yoakam Eduardo Minett Clint Eastwood Western Drama
245,Joe Carnahan,Gerard Butler,Frank Grillo,Alexis Louder,Action Thriller Crime,copshop,Gerard Butler Frank Grillo Alexis Louder Joe Carnahan Action Thriller Crime
246,Justin Chon,Justin Chon,Alicia Vikander,Mark O'Brien,Drama,blue bayou,Justin Chon Alicia Vikander Mark O'Brien Justin Chon Drama
247,Sion Sono,Nicolas Cage,Sofia Boutella,Bill Moseley,Action Horror Science Fiction Thriller,prisoners of the ghostland,Nicolas Cage Sofia Boutella Bill Moseley Sion Sono Action Horror Science Fiction Thriller
248,Lina Roessler,Michael Caine,Aubrey Plaza,Scott Speedman,Drama Comedy,best sellers,Michael Caine Aubrey Plaza Scott Speedman Lina Roessler Drama Comedy
249,"Justin Long, Christian Long (directors/screenplay); Melanie Lynskey, Judy Greer, Justin Long, Ryan Phillippe, Luis Guzmán",Melanie Lynskey,Judy Greer,Justin Long,Comedy Fantasy,lady of the manor,"Melanie Lynskey Judy Greer Justin Long Justin Long, Christian Long (directors/screenplay); Melanie Lynskey, Judy Greer, Justin Long, Ryan Phillippe, Luis Guzmán Comedy Fantasy"
250,Bill Benz,Annie Clark,Carrie Brownstein,Dakota Johnson,Comedy Drama Horror,the nowhere inn,Annie Clark Carrie Brownstein Dakota Johnson Bill Benz Comedy Drama Horror
251,"Betsy West, Julie Cohen",Betsy West,Julie Cohen (director); Talleah Bridges McMahon,Julie Cohen,Documentary,my name is pauli murray,"Betsy West Julie Cohen (director); Talleah Bridges McMahon Julie Cohen Betsy West, Julie Cohen Documentary"
252,David Midell,Frankie Faison,Steve O'Connell,Enrico Natale,Drama,the killing of kenneth chamberlain,Frankie Faison Steve O'Connell Enrico Natale David Midell Drama
253,Adam Salky,Freida Pinto,Logan Marshall-Green,Robert John Burke,Thriller,intrusion,Freida Pinto Logan Marshall-Green Robert John Burke Adam Salky Thriller
254,Stephen Chbosky,Ben Platt,Amy Adams,Julianne Moore,Drama,dear evan hansen,Ben Platt Amy Adams Julianne Moore Stephen Chbosky Drama
255,Antoine Fuqua,Jake Gyllenhaal,Ethan Hawke,Riley Keough,Drama Crime Thriller,the guilty,Jake Gyllenhaal Ethan Hawke Riley Keough Antoine Fuqua Drama Crime Thriller
256,"Robert Cullen, Jose Ucha",Vanessa Hudgens,Kimiko Glenn,James Marsden,Animation Family Fantasy Comedy Music Adventure,my little pony: a new generation,"Vanessa Hudgens Kimiko Glenn James Marsden Robert Cullen, Jose Ucha Animation Family Fantasy Comedy Music Adventure"
257,Sarah Adina Smith,Kristine Froseth,Diana Silvers,Jacqueline Bisset,Drama,birds of paradise,Kristine Froseth Diana Silvers Jacqueline Bisset Sarah Adina Smith Drama
258,Castille Landon,Josephine Langford,Hero Fiennes Tiffin,Louise Lombard,Romance Drama,after we fell,Josephine Langford Hero Fiennes Tiffin Louise Lombard Castille Landon Romance Drama
259,Andy Serkis,Tom Hardy,Michelle Williams,Naomie Harris,Science Fiction Action Comedy,venom: let there be carnage,Tom Hardy Michelle Williams Naomie Harris Andy Serkis Science Fiction Action Comedy
260,Alan Taylor,Michael Gandolfini,Alessandro Nivola,Leslie Odom Jr.,Drama Crime,the many saints of newark,Michael Gandolfini Alessandro Nivola Leslie Odom Jr. Alan Taylor Drama Crime
261,"Conrad Vernon, Greg Tiernan",Oscar Isaac,Charlize Theron,Chloë Grace Moretz,Animation Comedy Family,the addams family 2,"Oscar Isaac Charlize Theron Chloë Grace Moretz Conrad Vernon, Greg Tiernan Animation Comedy Family"
262,Gigi Saul Guerrero,L. Scott Caldwell,Adriana Barraza,Joshua Caleb Johnson,Thriller,bingo hell,L. Scott Caldwell Adriana Barraza Joshua Caleb Johnson Gigi Saul Guerrero Thriller
263,Maritte Lee Go,Ashja Cooper,Theodus Crane,Kenneisha Thompson,Horror Thriller,black as night,Ashja Cooper Theodus Crane Kenneisha Thompson Maritte Lee Go Horror Thriller
264,Potsy Ponciroli,Tim Blake Nelson,Scott Haze,Gavin Lewis,Western Thriller,old henry,Tim Blake Nelson Scott Haze Gavin Lewis Potsy Ponciroli Western Thriller
265,Erwin brothers,Amy Grant,Michael W. Smith,TobyMac,Documentary Music,the jesus music,Amy Grant Michael W. Smith TobyMac Erwin brothers Documentary Music
266,Karen Cinorre,Grace Van Patten,Mia Goth,Havana Rose Liu,Fantasy Drama Action,mayday,Grace Van Patten Mia Goth Havana Rose Liu Karen Cinorre Fantasy Drama Action
267,Vance Null,David A. R. White,Antonio Sabàto Jr.,Francesca Battistelli,Drama,god's not dead: we the people,David A. R. White Antonio Sabàto Jr. Francesca Battistelli Vance Null Drama
269,Cary Joji Fukunaga,Daniel Craig,Rami Malek,Léa Seydoux,Adventure Action Thriller,no time to die,Daniel Craig Rami Malek Léa Seydoux Cary Joji Fukunaga Adventure Action Thriller
270,Fran Kranz,Reed Birney,Ann Dowd,Jason Isaacs,Drama Crime History,mass,Reed Birney Ann Dowd Jason Isaacs Fran Kranz Drama Crime History
271,"Axelle Carolyn (director/screenwriter); Barbara Hershey, Bruce Davison, Stacey Travis, Ciera Payton, Jill Larson, Mark Steger",Axelle Carolyn (director/screenwriter); Barbara Hershey,Bruce Davison,Stacey Travis,Comedy Fantasy,the manor,"Axelle Carolyn (director/screenwriter); Barbara Hershey Bruce Davison Stacey Travis Axelle Carolyn (director/screenwriter); Barbara Hershey, Bruce Davison, Stacey Travis, Ciera Payton, Jill Larson, Mark Steger Comedy Fantasy"
273,David Gordon Green,Jamie Lee Curtis,Judy Greer,Andi Matichak,Horror Thriller Crime,halloween kills,Jamie Lee Curtis Judy Greer Andi Matichak David Gordon Green Horror Thriller Crime
274,Ridley Scott,Matt Damon,Adam Driver,Jodie Comer,Drama History,the last duel,Matt Damon Adam Driver Jodie Comer Ridley Scott Drama History
275,Justin Corsbie,Michael Dorman,Sophia Bush,Dermot Mulroney,Drama Thriller Music Romance,hard luck love song,Michael Dorman Sophia Bush Dermot Mulroney Justin Corsbie Drama Thriller Music Romance
277,"David Silverman, Raymond S. Persi",Adam DeVine,Rachel Bloom,Zazie Beetz,Animation Comedy Science Fiction Family,extinct,"Adam DeVine Rachel Bloom Zazie Beetz David Silverman, Raymond S. Persi Animation Comedy Science Fiction Family"
278,Adam Randall,Jorge Lendeborg Jr.,Debby Ryan,Lucy Fry,Thriller Horror,night teeth,Jorge Lendeborg Jr. Debby Ryan Lucy Fry Adam Randall Thriller Horror
279,Denis Villeneuve,Timothée Chalamet,Rebecca Ferguson,Oscar Isaac,Action Adventure Drama Science Fiction,dune,Timothée Chalamet Rebecca Ferguson Oscar Isaac Denis Villeneuve Action Adventure Drama Science Fiction
280,"Sarah Smith, Jean-Philippe Vine",Zach Galifianakis,Jack Dylan Grazer,Olivia Colman,Animation Science Fiction Family Comedy,ron's gone wrong,"Zach Galifianakis Jack Dylan Grazer Olivia Colman Sarah Smith, Jean-Philippe Vine Animation Science Fiction Family Comedy"
281,Wes Anderson,Benicio del Toro,Adrien Brody,Tilda Swinton,Comedy Drama Romance,the french dispatch,Benicio del Toro Adrien Brody Tilda Swinton Wes Anderson Comedy Drama Romance
282,Will Sharpe,Benedict Cumberbatch,Claire Foy,Andrea Riseborough,Drama History,the electrical life of louis wain,Benedict Cumberbatch Claire Foy Andrea Riseborough Will Sharpe Drama History
283,Rebecca Hall,Tessa Thompson,Ruth Negga,André Holland,Drama,passing,Tessa Thompson Ruth Negga André Holland Rebecca Hall Drama
284,Edgar Wright,Thomasin McKenzie,Anya Taylor-Joy,Matt Smith,Horror Drama Thriller Mystery,last night in soho,Thomasin McKenzie Anya Taylor-Joy Matt Smith Edgar Wright Horror Drama Thriller Mystery
285,Scott Cooper,Keri Russell,Jesse Plemons,Jeremy T. Thomas,Horror Mystery,antlers,Keri Russell Jesse Plemons Jeremy T. Thomas Scott Cooper Horror Mystery
286,Amy Koppelman,Amanda Seyfried,Finn Wittrock,Jennifer Carpenter,Drama,a mouthful of air,Amanda Seyfried Finn Wittrock Jennifer Carpenter Amy Koppelman Drama
287,Matthias Schweighöfer,Matthias Schweighöfer,Nathalie Emmanuel,Guz Khan,Action Adventure Crime Thriller,army of thieves,Matthias Schweighöfer Nathalie Emmanuel Guz Khan Matthias Schweighöfer Action Adventure Crime Thriller
288,William Eubank,Emily Bader,Roland Buck III,Dan Lippert,Horror Mystery,paranormal activity: next of kin,Emily Bader Roland Buck III Dan Lippert William Eubank Horror Mystery
289,Jeymes Samuel,Jonathan Majors,Idris Elba,Zazie Beetz,Western,the harder they fall,Jonathan Majors Idris Elba Zazie Beetz Jeymes Samuel Western
290,Chloé Zhao,Gemma Chan,Richard Madden,Kumail Nanjiani,Fantasy Science Fiction Action Adventure,eternals,Gemma Chan Richard Madden Kumail Nanjiani Chloé Zhao Fantasy Science Fiction Action Adventure
291,Miguel Sapochnik,Tom Hanks,Caleb Landry Jones,Laura Harrier,Science Fiction Drama Adventure,finch,Tom Hanks Caleb Landry Jones Laura Harrier Miguel Sapochnik Science Fiction Drama Adventure
292,Pablo Larraín,Kristen Stewart,Timothy Spall,Sean Harris,Drama History,spencer,Kristen Stewart Timothy Spall Sean Harris Pablo Larraín Drama History
293,Hernán Jiménez,Nina Dobrev,Jimmy O. Yang,Darren Barnet,Comedy,love hard,Nina Dobrev Jimmy O. Yang Darren Barnet Hernán Jiménez Comedy
294,"Jim Cummings, PJ McCabe (directors/screenplay); Jim Cummings, Virginia Newcomb, PJ McCabe",Jim Cummings,Virginia Newcomb,PJ McCabe,Horror Thriller,the beta test,"Jim Cummings Virginia Newcomb PJ McCabe Jim Cummings, PJ McCabe (directors/screenplay); Jim Cummings, Virginia Newcomb, PJ McCabe Horror Thriller"
295,Walt Becker,Jack Whitehall,Darby Camp,Tony Hale,Family Animation Comedy,clifford the big red dog,Jack Whitehall Darby Camp Tony Hale Walt Becker Family Animation Comedy
296,Rawson Marshall Thurber,Dwayne Johnson,Ryan Reynolds,Gal Gadot,Action Thriller,red notice,Dwayne Johnson Ryan Reynolds Gal Gadot Rawson Marshall Thurber Action Thriller
297,Kenneth Branagh,Caitriona Balfe,Judi Dench,Jamie Dornan,Drama,belfast,Caitriona Balfe Judi Dench Jamie Dornan Kenneth Branagh Drama
298,Lin-Manuel Miranda,Lin-Manuel Miranda (director); Steven Levenson (sceenplay); Andrew Garfield,Alexandra Shipp,Vanessa Hudgens,Drama Music,"tick, tick... boom!",Lin-Manuel Miranda (director); Steven Levenson (sceenplay); Andrew Garfield Alexandra Shipp Vanessa Hudgens Lin-Manuel Miranda Drama Music
299,Dan Mazer,Ellie Kemper,Rob Delaney,Archie Yates,Family Comedy,home sweet home alone,Ellie Kemper Rob Delaney Archie Yates Dan Mazer Family Comedy
300,Jane Campion,Benedict Cumberbatch,Kirsten Dunst,Jesse Plemons,Western Drama,the power of the dog,Benedict Cumberbatch Kirsten Dunst Jesse Plemons Jane Campion Western Drama
301,Jason Reitman,Carrie Coon,Finn Wolfhard,Mckenna Grace,Comedy Fantasy,ghostbusters: afterlife,Carrie Coon Finn Wolfhard Mckenna Grace Jason Reitman Comedy Fantasy
302,Reinaldo Marcus Green,Will Smith,Aunjanue Ellis,Saniyya Sidney,Drama,king richard,Will Smith Aunjanue Ellis Saniyya Sidney Reinaldo Marcus Green Drama
303,Mike Mills,Joaquin Phoenix,Gaby Hoffmann,Woody Norman,Drama,c'mon c'mon,Joaquin Phoenix Gaby Hoffmann Woody Norman Mike Mills Drama
304,"Byron Howard, Jared Bush, Chasire Castro Smith",Stephanie Beatriz,Wilmer Valderrama,Angie Cepeda,Family Music Adventure Animation Fantasy,encanto,"Stephanie Beatriz Wilmer Valderrama Angie Cepeda Byron Howard, Jared Bush, Chasire Castro Smith Family Music Adventure Animation Fantasy"
305,Ridley Scott,Lady Gaga,Adam Driver,Jared Leto,Thriller Drama Crime,house of gucci,Lady Gaga Adam Driver Jared Leto Ridley Scott Thriller Drama Crime
306,Nora Fingscheidt,Sandra Bullock,Viola Davis,Aisling Franciosi,Drama,the unforgivable,Sandra Bullock Viola Davis Aisling Franciosi Nora Fingscheidt Drama
307,Ric Roman Waugh,Stephan James,J. K. Simmons,Uzo Aduba,Drama,national champions,Stephan James J. K. Simmons Uzo Aduba Ric Roman Waugh Drama
308,Johannes Roberts,Kaya Scodelario,Robbie Amell,Hannah John-Kamen,Horror Action Mystery,resident evil: welcome to raccoon city,Kaya Scodelario Robbie Amell Hannah John-Kamen Johannes Roberts Horror Action Mystery
309,Halle Berry,Halle Berry,Shamier Anderson,Adan Canto,Drama,bruised,Halle Berry Shamier Anderson Adan Canto Halle Berry Drama
310,Stephen Karam,Richard Jenkins,Jayne Houdyshell,Amy Schumer,Drama,the humans,Richard Jenkins Jayne Houdyshell Amy Schumer Stephen Karam Drama
311,Paul Thomas Anderson,Bradley Cooper,Cooper Hoffman,Maya Rudolph,Drama,licorice pizza,Bradley Cooper Cooper Hoffman Maya Rudolph Paul Thomas Anderson Drama
312,Swinton O. Scott III,Brady Noon,Ethan William Childress,Chris Diamantopoulos,Comedy Family,diary of a wimpy kid,Brady Noon Ethan William Childress Chris Diamantopoulos Swinton O. Scott III Comedy Family
313,Michael Pierce,Riz Ahmed,Octavia Spencer,Janina Gavankar,Science Fiction,encounter,Riz Ahmed Octavia Spencer Janina Gavankar Michael Pierce Science Fiction
314,Sean Baker,Simon Rex,Bree Elrod,Suzanna Son,Comedy Drama,red rocket,Simon Rex Bree Elrod Suzanna Son Sean Baker Comedy Drama
316,Adam McKay,Leonardo DiCaprio,Jennifer Lawrence,Rob Morgan,Comedy Science Fiction Drama,don't look up,Leonardo DiCaprio Jennifer Lawrence Rob Morgan Adam McKay Comedy Science Fiction Drama
317,Steven Spielberg,Rachel Zegler,Ansel Elgort,Ariana DeBose,Crime Drama Romance,west side story,Rachel Zegler Ansel Elgort Ariana DeBose Steven Spielberg Crime Drama Romance
319,Tarik Saleh,Chris Pine,Ben Foster,Gillian Jacobs,Thriller Action Crime,violence of action,Chris Pine Ben Foster Gillian Jacobs Tarik Saleh Thriller Action Crime
320,Jon Watts,Tom Holland,Zendaya,Benedict Cumberbatch,Science Fiction Action Adventure Fantasy,spider-man: no way home,Tom Holland Zendaya Benedict Cumberbatch Jon Watts Science Fiction Action Adventure Fantasy
321,Guillermo del Toro,Bradley Cooper,Cate Blanchett,Toni Collette,Drama,nightmare alley,Bradley Cooper Cate Blanchett Toni Collette Guillermo del Toro Drama
322,Maggie Gyllenhaal,Olivia Colman,Jessie Buckley,Dakota Johnson,Drama,the lost daughter,Olivia Colman Jessie Buckley Dakota Johnson Maggie Gyllenhaal Drama
323,Benjamin Cleary,Mahershala Ali,Naomie Harris,Glenn Close,Drama Science Fiction,swan song,Mahershala Ali Naomie Harris Glenn Close Benjamin Cleary Drama Science Fiction
324,George Clooney,Ben Affleck,Tye Sheridan,Lily Rabe,Drama,the tender bar,Ben Affleck Tye Sheridan Lily Rabe George Clooney Drama
325,Lana Wachowski,Keanu Reeves,Carrie-Anne Moss,Yahya Abdul-Mateen II,Action Adventure Thriller Science Fiction,the matrix resurrections,Keanu Reeves Carrie-Anne Moss Yahya Abdul-Mateen II Lana Wachowski Action Adventure Thriller Science Fiction
326,Garth Jennings,Matthew McConaughey,Reese Witherspoon,Scarlett Johansson,Family Comedy Animation Drama Music,sing 2,Matthew McConaughey Reese Witherspoon Scarlett Johansson Garth Jennings Family Comedy Animation Drama Music
327,Matthew Vaughn,Ralph Fiennes,Gemma Arterton,Rhys Ifans,War Action Thriller Adventure,the king's man,Ralph Fiennes Gemma Arterton Rhys Ifans Matthew Vaughn War Action Thriller Adventure
328,Joel Coen,Denzel Washington,Frances McDormand,Corey Hawkins,Drama Thriller War,the tragedy of macbeth,Denzel Washington Frances McDormand Corey Hawkins Joel Coen Drama Thriller War
329,Erwin brothers,Zachary Levi,Anna Paquin,Dennis Quaid,Drama,american underdog,Zachary Levi Anna Paquin Dennis Quaid Erwin brothers Drama
330,Joe Wright,Peter Dinklage,Haley Bennett,Kelvin Harrison Jr.,Drama Comedy History Romance,cyrano,Peter Dinklage Haley Bennett Kelvin Harrison Jr. Joe Wright Drama Comedy History Romance
